timestamp,bytes,KB,MB
09-10-13 16:25,9926554,9693.900391,9.4666996
09-10-13 16:30,50745578,49556.22852,48.39475441
09-10-13 16:35,61519397,60077.53613,58.66946888
09-10-13 16:40,55996401,54683.98535,53.40232944
09-10-13 16:45,40876988,39918.93359,38.98333359
09-10-13 16:50,27578939,26932.55762,26.3013258
09-10-13 16:55,21556437,21051.20801,20.55782032
09-10-13 17:00,17440444.6,17031.68418,16.63250408
09-10-13 17:05,15573374,15208.37305,14.8519268
09-10-13 17:10,16861197.6,16466.01328,16.08009109
09-10-13 17:15,15478144.6,15115.37559,14.76110897
09-10-13 17:20,13678676.6,13358.08262,13.04500256
09-10-13 17:25,11499313.8,11229.79863,10.96660023
09-10-13 17:30,12124202.8,11840.0418,11.56254082
09-10-13 17:35,9052782.8,8840.608203,8.633406448
09-10-13 17:40,8203117.2,8010.856641,7.823102188
09-10-13 17:45,8309003,8114.260742,7.924082756
09-10-13 17:50,7288143.8,7117.32793,6.950515556
09-10-13 17:55,8049176.2,7860.523633,7.67629261
09-10-13 18:00,7444835.6,7270.347266,7.099948502
09-10-13 18:05,6954155.4,6791.167383,6.631999397
09-10-13 18:10,7231045,7061.567383,6.896061897
09-10-13 18:15,8040165.8,7851.724414,7.667699623
09-10-13 18:20,8041010.6,7852.549414,7.668505287
09-10-13 18:25,8631127,8428.834961,8.231284142
09-10-13 18:30,10871151.8,10616.35918,10.36753826
09-10-13 18:35,12124409.6,11840.24375,11.56273804
09-10-13 18:40,13318374.8,13006.22539,12.70139198
09-10-13 18:45,13666994.4,13346.67422,13.03386154
09-10-13 18:50,14298954,13963.82227,13.63654518
09-10-13 18:55,12679300,12382.12891,12.09192276
09-10-13 19:00,13892004.8,13566.41094,13.24844818
09-10-13 19:05,14145179.8,13813.65215,13.48989468
09-10-13 19:10,13505345.2,13188.81367,12.87970085
09-10-13 19:15,12603028.8,12307.64531,12.01918488
09-10-13 19:20,12435453.8,12143.99785,11.8593729
09-10-13 19:25,12193640.4,11907.85195,11.62876167
09-10-13 19:30,11542288,11271.76563,11.00758362
09-10-13 19:35,11432968.6,11165.0084,10.90332851
09-10-13 19:40,12384512.2,12094.2502,11.81079121
09-10-13 19:45,11534099.6,11263.76914,10.99977455
09-10-13 19:50,14190782.8,13858.18633,13.53338509
09-10-13 19:55,10355034.8,10112.33867,9.875330734
09-10-13 20:00,11658785.8,11385.53301,11.11868458
09-10-13 20:05,11139206.8,10878.13164,10.62317543
09-10-13 20:10,8083117.8,7893.669727,7.708661842
09-10-13 20:15,8599227.6,8397.683203,8.200862503
09-10-13 20:20,9273135.2,9055.796094,8.843550873
09-10-13 20:25,10097324.2,9860.668164,9.629558754
09-10-13 20:30,7103913.6,6937.415625,6.774819946
09-10-13 20:35,6885343,6723.967773,6.566374779
09-10-13 20:40,9448017.6,9226.579688,9.010331726
09-10-13 20:45,9151835.2,8937.339063,8.727870178
09-10-13 20:50,7744279.8,7562.773242,7.385520744
09-10-13 20:55,8781789.8,8575.966602,8.374967384
09-10-13 21:00,8182947.4,7991.15957,7.803866768
09-10-13 21:05,8303328.2,8108.718945,7.918670845
09-10-13 21:10,7031833.4,6867.024805,6.706078911
09-10-13 21:15,8185888.6,7994.031836,7.806671715
09-10-13 21:20,8057902,7869.044922,7.684614182
09-10-13 21:25,7633338,7454.431641,7.279718399
09-10-13 21:30,6917495.8,6755.366992,6.597038078
09-10-13 21:35,6870317,6709.293945,6.552044868
09-10-13 21:40,7294645.6,7123.677344,6.956716156
09-10-13 21:45,5611490.2,5479.970898,5.351534081
09-10-13 21:50,6072482.4,5930.158594,5.791170502
09-10-13 21:55,5285099.8,5161.230273,5.040263939
09-10-13 22:00,6168137.2,6023.571484,5.882394028
09-10-13 22:05,5984117.8,5843.865039,5.706899452
09-10-13 22:10,5378818.4,5252.752344,5.129640961
09-10-13 22:15,4649463.4,4540.491602,4.43407383
09-10-13 22:20,4785452.6,4673.293555,4.563763237
09-10-13 22:25,3547037.6,3463.903906,3.382718658
09-10-13 22:30,4001507.2,3907.721875,3.816134644
09-10-13 22:35,3605455.2,3520.952344,3.438430023
09-10-13 22:40,3690194,3603.705078,3.51924324
09-10-13 22:45,3352156.8,3273.590625,3.196865845
09-10-13 22:50,3301986.2,3224.595898,3.149019432
09-10-13 22:55,3269069.2,3192.450391,3.117627335
09-10-13 23:00,3290852.4,3213.723047,3.138401413
09-10-13 23:05,1511772.6,1476.34043,1.441738701
09-10-13 23:10,1361081.2,1329.180859,1.298028183
09-10-13 23:15,1313713,1282.922852,1.252854347
09-10-13 23:20,2147718.8,2097.381641,2.048224258
09-10-13 23:25,1998864.2,1952.01582,1.90626545
09-10-13 23:30,1534170.4,1498.213281,1.463098907
09-10-13 23:35,978077,955.1533203,0.932766914
09-10-13 23:40,974482.6,951.6431641,0.929339027
09-10-13 23:45,1120244,1093.988281,1.068347931
09-10-13 23:50,1041381.4,1016.974023,0.993138695
09-10-13 23:55,1315852.8,1285.0125,1.25489502
10-10-13 0:00,1663223,1624.241211,1.586173058
10-10-13 0:05,881168.6,860.5162109,0.840347862
10-10-13 0:10,864271.8,844.0154297,0.824233818
10-10-13 0:15,831722.8,812.2292969,0.793192673
10-10-13 0:20,1025884.6,1001.84043,0.978359795
10-10-13 0:25,1056338.6,1031.580664,1.007402992
10-10-13 0:30,1342641.2,1311.173047,1.280442429
10-10-13 0:35,901321.4,880.1966797,0.85956707
10-10-13 0:40,994254,970.9511719,0.948194504
10-10-13 0:45,995340.2,972.0119141,0.949230385
10-10-13 0:50,1042389.8,1017.958789,0.99410038
10-10-13 0:55,1468524.8,1434.10625,1.400494385
10-10-13 1:00,1874774.4,1830.834375,1.787924194
10-10-13 1:05,1068452.6,1043.410742,1.018955803
10-10-13 1:10,997374.4,973.9984375,0.951170349
10-10-13 1:15,1185431.8,1157.648242,1.130515862
10-10-13 1:20,1253500.4,1224.121484,1.195431137
10-10-13 1:25,1019610,995.7128906,0.97237587
10-10-13 1:30,1467012.8,1432.629688,1.399052429
10-10-13 1:35,889605,868.7548828,0.84839344
10-10-13 1:40,825968.8,806.6101563,0.787705231
10-10-13 1:45,944624.6,922.4849609,0.90086422
10-10-13 1:50,1014397.6,990.6226563,0.967404938
10-10-13 1:55,985993.2,962.8839844,0.940316391
10-10-13 2:00,1556147,1519.674805,1.484057426
10-10-13 2:05,918924.2,897.3869141,0.876354408
10-10-13 2:10,946216,924.0390625,0.902381897
10-10-13 2:15,1203311.6,1175.108984,1.147567368
10-10-13 2:20,818717.8,799.5291016,0.780790138
10-10-13 2:25,1271861.4,1242.052148,1.212941551
10-10-13 2:30,1249426,1220.142578,1.191545486
10-10-13 2:35,959763.2,937.26875,0.915301514
10-10-13 2:40,894922.6,873.9478516,0.853464699
10-10-13 2:45,1035031.6,1010.773047,0.987083054
10-10-13 2:50,1291079.8,1260.820117,1.231269646
10-10-13 2:55,1066712.6,1041.711523,1.01729641
10-10-13 3:00,2790829.8,2725.419727,2.661542702
10-10-13 3:05,2466770.6,2408.955664,2.352495766
10-10-13 3:10,3168191.8,3093.937305,3.021423149
10-10-13 3:15,1362582.2,1330.64668,1.299459648
10-10-13 3:20,1203811,1175.59668,1.148043633
10-10-13 3:25,892913.2,871.9855469,0.851548386
10-10-13 3:30,1422962,1389.611328,1.357042313
10-10-13 3:35,1272848,1243.015625,1.213882446
10-10-13 3:40,1383750.2,1351.318555,1.319647026
10-10-13 3:45,973746.4,950.9242188,0.928636932
10-10-13 3:50,1240975.6,1211.890234,1.183486557
10-10-13 3:55,1022294.6,998.3345703,0.974936104
10-10-13 4:00,1794335,1752.280273,1.711211205
10-10-13 4:05,1261058.8,1231.502734,1.202639389
10-10-13 4:10,1260534.4,1230.990625,1.202139282
10-10-13 4:15,1064257.4,1039.313867,1.014954948
10-10-13 4:20,1027933.8,1003.841602,0.980314064
10-10-13 4:25,959238.6,936.7564453,0.914801216
10-10-13 4:30,955490.2,933.0958984,0.911226463
10-10-13 4:35,1219726.6,1191.139258,1.163221931
10-10-13 4:40,944099.2,921.971875,0.900363159
10-10-13 4:45,789781,771.2705078,0.753193855
10-10-13 4:50,1506217.2,1470.915234,1.436440659
10-10-13 4:55,1009633.4,985.9701172,0.962861443
10-10-13 5:00,1910032.4,1865.266016,1.821548843
10-10-13 5:05,1004299.4,980.7611328,0.957774544
10-10-13 5:10,800122.2,781.3693359,0.763055992
10-10-13 5:15,1414346.8,1381.198047,1.348826218
10-10-13 5:20,1114365.6,1088.247656,1.062741852
10-10-13 5:25,1222933,1194.270508,1.166279793
10-10-13 5:30,1177306.6,1149.713477,1.122767067
10-10-13 5:35,936231,914.2880859,0.892859459
10-10-13 5:40,1086114.8,1060.658984,1.035799789
10-10-13 5:45,865114.8,844.8386719,0.825037766
10-10-13 5:50,1058657.6,1033.845313,1.009614563
10-10-13 5:55,1002185.8,978.6970703,0.955758858
10-10-13 6:00,1487688.6,1452.820898,1.418770409
10-10-13 6:05,1031687.8,1007.507617,0.983894157
10-10-13 6:10,821456.4,802.2035156,0.783401871
10-10-13 6:15,898685.4,877.6224609,0.857053185
10-10-13 6:20,920632.8,899.0554688,0.877983856
10-10-13 6:25,1260650.8,1231.104297,1.20225029
10-10-13 6:30,1028933.8,1004.818164,0.981267738
10-10-13 6:35,792172,773.6054688,0.755474091
10-10-13 6:40,936512.8,914.5632813,0.893128204
10-10-13 6:45,1188596.2,1160.738477,1.133533669
10-10-13 6:50,1166070,1138.740234,1.11205101
10-10-13 6:55,924183.8,902.5232422,0.881370354
10-10-13 7:00,1702998,1663.083984,1.624105453
10-10-13 7:05,2861705.2,2794.633984,2.72913475
10-10-13 7:10,1146903.4,1120.022852,1.093772316
10-10-13 7:15,1051866.2,1027.213086,1.003137779
10-10-13 7:20,1196833.4,1168.782617,1.141389275
10-10-13 7:25,1439759.4,1406.015039,1.373061562
10-10-13 7:30,1084365.8,1058.950977,1.034131813
10-10-13 7:35,1227197.8,1198.435352,1.170347023
10-10-13 7:40,951286.8,928.9910156,0.907217789
10-10-13 7:45,909773,888.4501953,0.867627144
10-10-13 7:50,1673980.6,1634.74668,1.596432304
10-10-13 7:55,1239774.4,1210.717188,1.182341003
10-10-13 8:00,1623926.4,1585.865625,1.548696899
10-10-13 8:05,1899871.8,1855.343555,1.81185894
10-10-13 8:10,1061869.4,1036.981836,1.012677574
10-10-13 8:15,1169978.4,1142.557031,1.115778351
10-10-13 8:20,1309258.8,1278.573047,1.248606491
10-10-13 8:25,1400611.4,1367.78457,1.335727119
10-10-13 8:30,1478794,1444.134766,1.410287857
10-10-13 8:35,1154915.6,1127.847266,1.101413345
10-10-13 8:40,1119468.6,1093.231055,1.067608452
10-10-13 8:45,1315528.4,1284.695703,1.254585648
10-10-13 8:50,1316311.2,1285.460156,1.255332184
10-10-13 8:55,1252876.6,1223.512305,1.194836235
10-10-13 9:00,1611319.6,1573.554297,1.536674118
10-10-13 9:05,1874347.2,1830.417188,1.787516785
10-10-13 9:10,7734377.8,7553.10332,7.376077461
10-10-13 9:15,21326575.6,20826.73398,20.33860741
10-10-13 9:20,34239448.6,33436.96152,32.65328274
10-10-13 9:25,39717876,38786.98828,37.87791824
10-10-13 9:30,41614284.6,40638.9498,39.68647442
10-10-13 9:35,46141497.6,45060.05625,44.00396118
10-10-13 9:40,36632762,35774.18164,34.93572426
10-10-13 9:45,22884266.2,22347.91621,21.82413692
10-10-13 9:50,18195488.2,17769.03145,17.35256977
10-10-13 9:55,14726156.8,14381.0125,14.04395752
10-10-13 10:00,13021075.2,12715.89375,12.41786499
10-10-13 10:05,12199362,11913.43945,11.63421822
10-10-13 10:10,10825948.6,10572.21543,10.32442913
10-10-13 10:15,9548127.6,9324.343359,9.105804062
10-10-13 10:20,8109072.2,7919.01582,7.733413887
10-10-13 10:25,8925800.4,8716.601953,8.512306595
10-10-13 10:30,7765588,7583.582031,7.405841827
10-10-13 10:35,6306836.6,6159.020117,6.014668083
10-10-13 10:40,6912175.4,6750.171289,6.591964149
10-10-13 10:45,8497172.4,8298.019922,8.10353508
10-10-13 10:50,9570483.4,9346.175195,9.127124214
10-10-13 10:55,10766459.6,10514.1207,10.267696
10-10-13 11:00,11728221.2,11453.34102,11.18490334
10-10-13 11:05,12230082.2,11943.43965,11.66351528
10-10-13 11:10,12685043.6,12387.73789,12.09740028
10-10-13 11:15,13446408,13131.25781,12.82349396
10-10-13 11:20,13995080.6,13667.0709,13.34674892
10-10-13 11:25,14218029.8,13884.79473,13.55936985
10-10-13 11:30,13467919.2,13152.26484,12.84400864
10-10-13 11:35,13460836,13145.34766,12.83725357
10-10-13 11:40,13809836,13486.16797,13.17008591
10-10-13 11:45,14009019,13680.68262,13.36004162
10-10-13 11:50,13084023.6,12777.3668,12.47789726
10-10-13 11:55,12709564.2,12411.68379,12.12078495
10-10-13 12:00,12814870.4,12514.52188,12.22121277
10-10-13 12:05,11877359,11598.9834,11.32713223
10-10-13 12:10,11696078.2,11421.95137,11.15424938
10-10-13 12:15,11996982.8,11715.80352,11.44121437
10-10-13 12:20,11997259.8,11716.07402,11.44147854
10-10-13 12:25,11376455,11109.81934,10.84943295
10-10-13 12:30,11210009.4,10947.2748,10.69069805
10-10-13 12:35,9479133.6,9256.966406,9.040006256
10-10-13 12:40,8772188.6,8566.59043,8.365810966
10-10-13 12:45,7232056.8,7062.555469,6.897026825
10-10-13 12:50,5023842.2,4906.095898,4.791109276
10-10-13 12:55,4625737.4,4517.32168,4.411446953
10-10-13 13:00,4001864.8,3908.071094,3.816475677
10-10-13 13:05,3590778.4,3506.619531,3.424433136
10-10-13 13:10,3459420.2,3378.340039,3.299160194
10-10-13 13:15,4111032.6,4014.680273,3.920586205
10-10-13 13:20,4421097.4,4317.47793,4.216287041
10-10-13 13:25,4455026,4350.611328,4.248643875
10-10-13 13:30,7491621.6,7316.036719,7.144567108
10-10-13 13:35,6655292.6,6499.30918,6.346981621
10-10-13 13:40,5443550.2,5315.966992,5.191374016
10-10-13 13:45,6155358.2,6011.091992,5.870207024
10-10-13 13:50,6492683.4,6340.511133,6.191905403
10-10-13 13:55,6950044,6787.152344,6.628078461
10-10-13 14:00,6841478,6681.130859,6.524541855
10-10-13 14:05,6484278,6332.302734,6.183889389
10-10-13 14:10,6224288,6078.40625,5.935943604
10-10-13 14:15,6695084.8,6538.16875,6.38493042
10-10-13 14:20,6520807,6367.975586,6.218726158
10-10-13 14:25,4169085.8,4071.372852,3.97595005
10-10-13 14:30,3935875.6,3843.628516,3.753543472
10-10-13 14:35,3871600,3780.859375,3.692245483
10-10-13 14:40,4002291.2,3908.4875,3.816882324
10-10-13 14:45,3947186.2,3854.674023,3.764330101
10-10-13 14:50,4353851.6,4251.808203,4.152156448
10-10-13 14:55,4353784.6,4251.742773,4.152092552
10-10-13 15:00,5099945,4980.415039,4.863686562
10-10-13 15:05,5771032.8,5635.774219,5.50368576
10-10-13 15:10,6843186,6682.798828,6.526170731
10-10-13 15:15,5279036.4,5155.308984,5.03448143
10-10-13 15:20,6496034.2,6343.783398,6.195100975
10-10-13 15:25,4476881.4,4371.954492,4.269486809
10-10-13 15:30,7500000.4,7324.219141,7.152557755
10-10-13 15:35,4549360.8,4442.735156,4.338608551
10-10-13 15:40,4837703.4,4724.319727,4.613593483
10-10-13 15:45,5145406,5024.810547,4.90704155
10-10-13 15:50,5235980.4,5113.262109,4.993420029
10-10-13 15:55,4608298,4500.291016,4.394815445
10-10-13 16:00,4648481,4539.532227,4.43313694
10-10-13 16:05,5222922,5100.509766,4.980966568
10-10-13 16:10,5018915.4,4901.28457,4.786410713
10-10-13 16:15,6171433.4,6026.79043,5.885537529
10-10-13 16:20,5202479.8,5080.54668,4.961471367
10-10-13 16:25,3324062,3246.154297,3.170072556
10-10-13 16:30,5081782.8,4962.678516,4.846365738
10-10-13 16:35,4249074.6,4149.486914,4.052233315
10-10-13 16:40,4199818.6,4101.385352,4.005259132
10-10-13 16:45,5219494.2,5097.162305,4.977697563
10-10-13 16:50,4694730.2,4584.697461,4.477243614
10-10-13 16:55,6152926.2,6008.716992,5.867887688
10-10-13 17:00,5550911.8,5420.812305,5.293762016
10-10-13 17:05,4896396,4781.636719,4.669567108
10-10-13 17:10,5670213.8,5537.318164,5.40753727
10-10-13 17:15,4850725.4,4737.036523,4.62601223
10-10-13 17:20,4571890.4,4464.736719,4.360094452
10-10-13 17:25,4536476.8,4430.153125,4.326321411
10-10-13 17:30,4437847.2,4333.835156,4.232260895
10-10-13 17:35,5375253.2,5249.270703,5.126240921
10-10-13 17:40,4312917.2,4211.833203,4.113118362
10-10-13 17:45,3983407.8,3890.04668,3.798873711
10-10-13 17:50,4300847.6,4200.046484,4.101607895
10-10-13 17:55,4406236,4302.964844,4.202114105
10-10-13 18:00,4374796.8,4272.2625,4.172131348
10-10-13 18:05,3936344.4,3844.086328,3.753990555
10-10-13 18:10,3846504.4,3756.351953,3.668312454
10-10-13 18:15,3692155.2,3605.620313,3.521113586
10-10-13 18:20,3217057,3141.657227,3.068024635
10-10-13 18:25,3820828.8,3731.278125,3.643826294
10-10-13 18:30,4718348.6,4607.762305,4.499767876
10-10-13 18:35,3415757.8,3335.700977,3.257520485
10-10-13 18:40,4203280.8,4104.766406,4.008560944
10-10-13 18:45,3655304,3569.632813,3.485969543
10-10-13 18:50,3335873,3257.688477,3.181336403
10-10-13 18:55,3137363,3063.831055,2.992022514
10-10-13 19:00,3636906.4,3551.666406,3.468424225
10-10-13 19:05,3469994.6,3388.666602,3.309244728
10-10-13 19:10,3291118.6,3213.983008,3.138655281
10-10-13 19:15,3582063,3498.108398,3.416121483
10-10-13 19:20,3177593,3103.118164,3.030388832
10-10-13 19:25,3183260.8,3108.653125,3.035794067
10-10-13 19:30,2701991.8,2638.663867,2.576820183
10-10-13 19:35,2756069,2691.473633,2.62839222
10-10-13 19:40,3424595,3344.331055,3.265948296
10-10-13 19:45,2716830,2653.154297,2.590970993
10-10-13 19:50,2595576.6,2534.742773,2.47533474
10-10-13 19:55,3246679,3170.584961,3.096274376
10-10-13 20:00,2800273.6,2734.642188,2.670549011
10-10-13 20:05,2484272,2426.046875,2.369186401
10-10-13 20:10,2227412.4,2175.207422,2.124225998
10-10-13 20:15,2684762.6,2621.838477,2.560389137
10-10-13 20:20,3560943,3477.483398,3.395979881
10-10-13 20:25,3986034.8,3892.612109,3.801379013
10-10-13 20:30,4382304.2,4279.593945,4.179290962
10-10-13 20:35,6511585.2,6358.969922,6.209931564
10-10-13 20:40,13757010.4,13434.58047,13.11970749
10-10-13 20:45,9203809.4,8988.095117,8.777436638
10-10-13 20:50,5384941.6,5258.732031,5.135480499
10-10-13 20:55,3715801.6,3628.7125,3.543664551
10-10-13 21:00,3076906.8,3004.791797,2.934366989
10-10-13 21:05,2981824,2911.9375,2.843688965
10-10-13 21:10,2508304.8,2449.516406,2.392105865
10-10-13 21:15,2873027,2805.69043,2.73993206
10-10-13 21:20,2736929.8,2672.783008,2.610139656
10-10-13 21:25,2852624.6,2785.766211,2.720474815
10-10-13 21:30,2597563.6,2536.683203,2.477229691
10-10-13 21:35,2299805.4,2245.903711,2.193265343
10-10-13 21:40,2124006.6,2074.225195,2.025610542
10-10-13 21:45,1843232.8,1800.032031,1.757843781
10-10-13 21:50,2516452.4,2457.473047,2.399876022
10-10-13 21:55,2635773.2,2573.997266,2.513669205
10-10-13 22:00,2934168.6,2865.399023,2.798241234
10-10-13 22:05,3165361.2,3091.173047,3.018723679
10-10-13 22:10,2596034.8,2535.190234,2.475771713
10-10-13 22:15,2365396.2,2309.957227,2.255817604
10-10-13 22:20,2410592.4,2354.094141,2.298920059
10-10-13 22:25,2411177.2,2354.665234,2.299477768
10-10-13 22:30,2817637,2751.598633,2.68710804
10-10-13 22:35,2420126,2363.404297,2.308012009
10-10-13 22:40,2087740.6,2038.80918,1.99102459
10-10-13 22:45,1964231,1918.194336,1.873236656
10-10-13 22:50,2010772.4,1963.644922,1.917621994
10-10-13 22:55,1781298.8,1739.549609,1.698778915
10-10-13 23:00,2799522,2733.908203,2.66983223
10-10-13 23:05,2338843,2284.026367,2.230494499
10-10-13 23:10,1943066.8,1897.526172,1.853052902
10-10-13 23:15,2518236.8,2459.215625,2.401577759
10-10-13 23:20,3359710.8,3280.967578,3.204069901
10-10-13 23:25,2119819.4,2070.136133,2.021617317
10-10-13 23:30,2216677.4,2164.724023,2.113988304
10-10-13 23:35,1922451,1877.393555,1.833392143
10-10-13 23:40,2131340.4,2081.387109,2.032604599
10-10-13 23:45,2174178.6,2123.221289,2.07345829
10-10-13 23:50,2053342.8,2005.217578,1.958220291
10-10-13 23:55,2500698.4,2442.088281,2.384851837
11-10-13 0:00,2345290.8,2290.323047,2.2366436
11-10-13 0:05,2157204.4,2106.644922,2.057270432
11-10-13 0:10,2458691.2,2401.065625,2.344790649
11-10-13 0:15,2451451.4,2393.995508,2.337886238
11-10-13 0:20,2074059.4,2025.448633,1.97797718
11-10-13 0:25,2823709.6,2757.528906,2.692899323
11-10-13 0:30,3076168.6,3004.070898,2.933662987
11-10-13 0:35,2733595,2669.526367,2.606959343
11-10-13 0:40,2627582.6,2565.998633,2.50585804
11-10-13 0:45,2571875.4,2511.59707,2.452731514
11-10-13 0:50,2763043.4,2698.28457,2.635043526
11-10-13 0:55,3373233.6,3294.173438,3.216966248
11-10-13 1:00,2596747.2,2535.885938,2.476451111
11-10-13 1:05,2573697,2513.375977,2.454468727
11-10-13 1:10,2585580.8,2524.98125,2.465802002
11-10-13 1:15,2926060.2,2857.480664,2.790508461
11-10-13 1:20,2721994.2,2658.197461,2.595895958
11-10-13 1:25,2826090.8,2759.854297,2.695170212
11-10-13 1:30,3175531,3101.104492,3.028422356
11-10-13 1:35,2783067.4,2717.839258,2.6541399
11-10-13 1:40,2646577.8,2584.548633,2.523973274
11-10-13 1:45,2249622.8,2196.897266,2.145407486
11-10-13 1:50,2380653.2,2324.856641,2.270367813
11-10-13 1:55,3353167.8,3274.57793,3.197830009
11-10-13 2:00,2691037.4,2627.966211,2.566373253
11-10-13 2:05,2815953.6,2749.954688,2.685502625
11-10-13 2:10,2388228.8,2332.254688,2.277592468
11-10-13 2:15,2607510.2,2546.39668,2.486715508
11-10-13 2:20,2258206.2,2205.279492,2.153593254
11-10-13 2:25,2119898,2070.212891,2.021692276
11-10-13 2:30,2234826.6,2182.447852,2.13129673
11-10-13 2:35,2029213,1981.65332,1.935208321
11-10-13 2:40,2022639.2,1975.233594,1.928939056
11-10-13 2:45,2477133,2419.075195,2.36237812
11-10-13 2:50,2322718.8,2268.280078,2.215117264
11-10-13 2:55,2451926.6,2394.45957,2.338339424
11-10-13 3:00,3751994.8,3664.057422,3.578181076
11-10-13 3:05,3835848.4,3745.945703,3.658150101
11-10-13 3:10,4605135.8,4497.20293,4.391799736
11-10-13 3:15,2598200,2537.304688,2.477836609
11-10-13 3:20,2721577.4,2657.79043,2.595498466
11-10-13 3:25,2402112.2,2345.812695,2.29083271
11-10-13 3:30,2573645.6,2513.325781,2.454419708
11-10-13 3:35,1869702.6,1825.881445,1.783087349
11-10-13 3:40,2195341.8,2143.888477,2.09364109
11-10-13 3:45,2179106.2,2128.033398,2.078157616
11-10-13 3:50,2224773.8,2172.630664,2.121709633
11-10-13 3:55,2051167.2,2003.092969,1.956145477
11-10-13 4:00,2076078.6,2027.420508,1.97990284
11-10-13 4:05,2338487,2283.678711,2.230154991
11-10-13 4:10,2322368.6,2267.938086,2.214783287
11-10-13 4:15,2213996.4,2162.105859,2.111431503
11-10-13 4:20,1960851.4,1914.893945,1.870013618
11-10-13 4:25,2122598.6,2072.850195,2.024267769
11-10-13 4:30,2050746.2,2002.681836,1.95574398
11-10-13 4:35,1663046.4,1624.06875,1.586004639
11-10-13 4:40,1939977,1894.508789,1.850106239
11-10-13 4:45,1737724.6,1696.99668,1.65722332
11-10-13 4:50,2021960.8,1974.571094,1.928292084
11-10-13 4:55,2004803.6,1957.816016,1.911929703
11-10-13 5:00,2166114.6,2115.346289,2.06576786
11-10-13 5:05,1853609.6,1810.165625,1.767739868
11-10-13 5:10,1976750.8,1930.420703,1.885176468
11-10-13 5:15,2105559.2,2056.210156,2.008017731
11-10-13 5:20,1761453,1720.168945,1.679852486
11-10-13 5:25,2153253.4,2102.786523,2.053502464
11-10-13 5:30,1780847.8,1739.10918,1.698348808
11-10-13 5:35,2041699.2,1993.846875,1.947116089
11-10-13 5:40,1819123.4,1776.487695,1.734851265
11-10-13 5:45,1892495.8,1848.14043,1.804824638
11-10-13 5:50,2131994,2082.025391,2.033227921
11-10-13 5:55,2037706,1989.947266,1.943307877
11-10-13 6:00,2019189,1971.864258,1.925648689
11-10-13 6:05,1799215.4,1757.046289,1.715865517
11-10-13 6:10,1805860.4,1763.535547,1.722202682
11-10-13 6:15,1768089.2,1726.649609,1.686181259
11-10-13 6:20,2498414.8,2439.858203,2.382674026
11-10-13 6:25,2238022.2,2185.568555,2.134344292
11-10-13 6:30,2159250.6,2108.643164,2.05922184
11-10-13 6:35,2639714.6,2577.846289,2.517428017
11-10-13 6:40,2171903.2,2120.999219,2.0712883
11-10-13 6:45,2519590.8,2460.537891,2.402869034
11-10-13 6:50,2841035.4,2774.448633,2.709422493
11-10-13 6:55,2955063.4,2885.804102,2.818168068
11-10-13 7:00,2999436.2,2929.136914,2.860485268
11-10-13 7:05,3614117.4,3529.411523,3.446690941
11-10-13 7:10,3138828,3065.261719,2.993419647
11-10-13 7:15,2943885.2,2874.887891,2.807507706
11-10-13 7:20,3058868.2,2987.175977,2.91716404
11-10-13 7:25,3485896.2,3404.195508,3.324409676
11-10-13 7:30,3034602.4,2963.478906,2.894022369
11-10-13 7:35,3229994.2,3154.291211,3.080362511
11-10-13 7:40,3210041,3134.805664,3.061333656
11-10-13 7:45,3268730.4,3192.119531,3.11730423
11-10-13 7:50,4081030.8,3985.381641,3.891974258
11-10-13 7:55,4146895.2,4049.702344,3.954787445
11-10-13 8:00,3599528,3515.164063,3.432777405
11-10-13 8:05,3779623.6,3691.038672,3.604529953
11-10-13 8:10,3734695.8,3647.163867,3.561683464
11-10-13 8:15,3843868.2,3753.777539,3.665798378
11-10-13 8:20,3627613.4,3542.591211,3.459561729
11-10-13 8:25,3246938.2,3170.838086,3.096521568
11-10-13 8:30,3139698.4,3066.111719,2.994249725
11-10-13 8:35,3022623.2,2951.780469,2.882598114
11-10-13 8:40,3175430.4,3101.00625,3.028326416
11-10-13 8:45,2937446.6,2868.600195,2.801367378
11-10-13 8:50,2705773,2642.356445,2.580426216
11-10-13 8:55,2281336.2,2227.867383,2.175651741
11-10-13 9:00,2721626.8,2657.838672,2.595545578
11-10-13 9:05,2526060.2,2466.855664,2.409038734
11-10-13 9:10,1943263,1897.717773,1.853240013
11-10-13 9:15,2115264.8,2065.688281,2.017273712
11-10-13 9:20,1716114.6,1675.893164,1.636614418
11-10-13 9:25,1689399.4,1649.804102,1.611136818
11-10-13 9:30,1614255.4,1576.421289,1.539473915
11-10-13 9:35,1586300.6,1549.12168,1.51281414
11-10-13 9:40,1945050,1899.462891,1.854944229
11-10-13 9:45,1419494.6,1386.225195,1.353735542
11-10-13 9:50,2052665.4,2004.556055,1.957574272
11-10-13 9:55,1503766.4,1468.521875,1.434103394
11-10-13 10:00,1425593.8,1392.181445,1.359552193
11-10-13 10:05,1564241.2,1527.579297,1.491776657
11-10-13 10:10,1445060.2,1411.191602,1.378116798
11-10-13 10:15,1402325.6,1369.458594,1.337361908
11-10-13 10:20,1630047.2,1591.842969,1.554534149
11-10-13 10:25,1315837.2,1284.997266,1.254880142
11-10-13 10:30,1399811.8,1367.003711,1.334964561
11-10-13 10:35,1653111.4,1614.366602,1.576529884
11-10-13 10:40,1317575.4,1286.694727,1.256537819
11-10-13 10:45,1333332.8,1302.082813,1.271565247
11-10-13 10:50,1646857.6,1608.259375,1.570565796
11-10-13 10:55,1436422.6,1402.756445,1.369879341
11-10-13 11:00,1447339.2,1413.417188,1.380290222
11-10-13 11:05,1613220.4,1575.410547,1.538486862
11-10-13 11:10,1662310.2,1623.349805,1.585302544
11-10-13 11:15,1545840.2,1509.60957,1.474228096
11-10-13 11:20,2411798.8,2355.272266,2.300070572
11-10-13 11:25,2392206.4,2336.139063,2.281385803
11-10-13 11:30,2101047.4,2051.804102,2.003714943
11-10-13 11:35,1488686.2,1453.795117,1.419721794
11-10-13 11:40,2004115.6,1957.144141,1.911273575
11-10-13 11:45,1691222.6,1651.58457,1.612875557
11-10-13 11:50,2059449.4,2011.181055,1.964043999
11-10-13 11:55,2161052.6,2110.40293,2.060940361
11-10-13 12:00,2587023,2526.389648,2.467177391
11-10-13 12:05,3038556.8,2967.340625,2.897793579
11-10-13 12:10,3019801.6,2949.025,2.879907227
11-10-13 12:15,3016383.4,2945.686914,2.876647377
11-10-13 12:20,3488911,3407.139648,3.327284813
11-10-13 12:25,3639406.4,3554.107813,3.470808411
11-10-13 12:30,4288769.2,4188.251172,4.090089035
11-10-13 12:35,4508238.6,4402.576758,4.299391365
11-10-13 12:40,3876246.2,3785.39668,3.696676445
11-10-13 12:45,3620962.8,3536.096484,3.453219223
11-10-13 12:50,4616707.2,4508.503125,4.402835083
11-10-13 12:55,4108598.8,4012.303516,3.918265152
11-10-13 13:00,4354785.6,4252.720313,4.15304718
11-10-13 13:05,4086370.4,3990.596094,3.897066498
11-10-13 13:10,4152349.6,4055.028906,3.959989166
11-10-13 13:15,4059468.6,3964.324805,3.871410942
11-10-13 13:20,4503811.6,4398.253516,4.295169449
11-10-13 13:25,4255971.6,4156.222266,4.058810806
11-10-13 13:30,4555081.6,4448.321875,4.344064331
11-10-13 13:35,3962572.6,3869.699805,3.779003716
11-10-13 13:40,4546405.8,4439.849414,4.335790443
11-10-13 13:45,4112242.4,4015.861719,3.92173996
11-10-13 13:50,3963009.4,3870.126367,3.77942028
11-10-13 13:55,4264964.2,4165.004102,4.067386818
11-10-13 14:00,4711787,4601.354492,4.493510246
11-10-13 14:05,4008551.6,3914.601172,3.822852707
11-10-13 14:10,3886748.4,3795.652734,3.706692123
11-10-13 14:15,4360407.8,4258.210742,4.158408928
11-10-13 14:20,3777113.6,3688.5875,3.60213623
11-10-13 14:25,4448038.4,4343.7875,4.24197998
11-10-13 14:30,4350720,4248.75,4.149169922
11-10-13 14:35,4000456.4,3906.695703,3.815132523
11-10-13 14:40,3757759,3669.686523,3.583678246
11-10-13 14:45,3714593.2,3627.532422,3.542512131
11-10-13 14:50,3802077.8,3712.966602,3.625943947
11-10-13 14:55,4170299.8,4072.558398,3.977107811
11-10-13 15:00,5127343.2,5007.171094,4.889815521
11-10-13 15:05,5878506,5740.728516,5.606180191
11-10-13 15:10,7135374.6,6968.139258,6.804823494
11-10-13 15:15,5958465.2,5818.813672,5.682435226
11-10-13 15:20,5198396.6,5076.55918,4.957577324
11-10-13 15:25,4433295.4,4329.390039,4.22791996
11-10-13 15:30,4855605.8,4741.802539,4.630666542
11-10-13 15:35,4924891.2,4809.464063,4.696742249
11-10-13 15:40,4788996,4676.753906,4.567142487
11-10-13 15:45,4697164.6,4587.074805,4.479565239
11-10-13 15:50,4682754,4573.001953,4.46582222
11-10-13 15:55,4119163.4,4022.620508,3.92834034
11-10-13 16:00,5152299.2,5031.542188,4.913615417
11-10-13 16:05,5840876,5703.980469,5.570293427
11-10-13 16:10,4851767.2,4738.053906,4.627005768
11-10-13 16:15,5146560.4,5025.937891,4.908142471
11-10-13 16:20,4523770.8,4417.744922,4.314204025
11-10-13 16:25,5435023.6,5307.640234,5.183242416
11-10-13 16:30,4971937.8,4855.408008,4.741609383
11-10-13 16:35,5635966.8,5503.873828,5.374876785
11-10-13 16:40,5122805.8,5002.740039,4.885488319
11-10-13 16:45,5066339,4947.59668,4.831637383
11-10-13 16:50,5091821,4972.481445,4.855938911
11-10-13 16:55,5286978,5163.064453,5.04205513
11-10-13 17:00,4617354.2,4509.134961,4.40345211
11-10-13 17:05,5074936.2,4955.992383,4.839836311
11-10-13 17:10,4946120,4830.195313,4.71698761
11-10-13 17:15,6072816,5930.484375,5.791488647
11-10-13 17:20,5499821,5370.918945,5.245038033
11-10-13 17:25,5616319.6,5484.687109,5.356139755
11-10-13 17:30,6105407.6,5962.312109,5.822570419
11-10-13 17:35,5154501,5033.692383,4.915715218
11-10-13 17:40,4878282.2,4763.947461,4.652292442
11-10-13 17:45,5460952.2,5332.961133,5.207969856
11-10-13 17:50,5431154.6,5303.861914,5.17955265
11-10-13 17:55,6670608,6514.265625,6.361587524
11-10-13 18:00,6095858.6,5952.986914,5.813463783
11-10-13 18:05,6956541.4,6793.497461,6.634274864
11-10-13 18:10,6199730.6,6054.424414,5.912523842
11-10-13 18:15,5714497.8,5580.564258,5.449769783
11-10-13 18:20,6457977.6,6306.61875,6.158807373
11-10-13 18:25,5753349.2,5618.505078,5.486821365
11-10-13 18:30,6047827.2,5906.08125,5.767657471
11-10-13 18:35,6658760.6,6502.695898,6.350288963
11-10-13 18:40,5845224,5708.226563,5.574440002
11-10-13 18:45,6342895.4,6194.233789,6.049056435
11-10-13 18:50,6092819,5950.018555,5.810564995
11-10-13 18:55,6495620.4,6343.379297,6.194706345
11-10-13 19:00,6848253.4,6687.747461,6.53100338
11-10-13 19:05,7022389.4,6857.802148,6.697072411
11-10-13 19:10,6095139.6,5952.284766,5.812778091
11-10-13 19:15,5196470,5074.677734,4.955739975
11-10-13 19:20,6245523.6,6099.144141,5.95619545
11-10-13 19:25,6063450,5921.337891,5.782556534
11-10-13 19:30,5752171.4,5617.354883,5.485698128
11-10-13 19:35,6961971.2,6798.8,6.639453125
11-10-13 19:40,5756761.6,5621.8375,5.490075684
11-10-13 19:45,6439968,6289.03125,6.14163208
11-10-13 19:50,6029420.4,5888.105859,5.750103378
11-10-13 19:55,5526105.2,5396.587109,5.270104599
11-10-13 20:00,5683547.4,5550.339258,5.420253181
11-10-13 20:05,5640075.6,5507.886328,5.378795242
11-10-13 20:10,5640589.8,5508.388477,5.379285622
11-10-13 20:15,5567824,5437.328125,5.309890747
11-10-13 20:20,5077413,4958.411133,4.842198372
11-10-13 20:25,5764415,5629.311523,5.497374535
11-10-13 20:30,6909404.8,6747.465625,6.589321899
11-10-13 20:35,7339086.6,7167.076758,6.999098396
11-10-13 20:40,10412561.6,10168.51719,9.930192566
11-10-13 20:45,7364122,7191.525391,7.022974014
11-10-13 20:50,5189782.4,5068.146875,4.949362183
11-10-13 20:55,3723893.6,3636.614844,3.551381683
11-10-13 21:00,6623585.8,6468.345508,6.31674366
11-10-13 21:05,4414673.2,4311.204297,4.210160446
11-10-13 21:10,9307313.4,9089.173242,8.876145744
11-10-13 21:15,3958717.2,3865.934766,3.77532692
11-10-13 21:20,4500197.4,4394.724023,4.291722679
11-10-13 21:25,4809785.2,4697.055859,4.586968613
11-10-13 21:30,4220875.4,4121.948633,4.025340462
11-10-13 21:35,4678269.8,4568.622852,4.461545753
11-10-13 21:40,4023287.8,3928.991992,3.836906242
11-10-13 21:45,4025726.2,3931.373242,3.839231682
11-10-13 21:50,4899668.2,4784.832227,4.672687721
11-10-13 21:55,4500448.2,4394.968945,4.291961861
11-10-13 22:00,5425124.2,5297.972852,5.173801613
11-10-13 22:05,4736342.6,4625.33457,4.516928291
11-10-13 22:10,3897116.4,3805.777734,3.716579819
11-10-13 22:15,4175719.2,4077.850781,3.982276154
11-10-13 22:20,3768877.4,3680.544336,3.594281578
11-10-13 22:25,3633691.4,3548.526758,3.465358162
11-10-13 22:30,3136307.2,3062.8,2.991015625
11-10-13 22:35,3600642,3516.251953,3.433839798
11-10-13 22:40,3480859.4,3399.276758,3.319606209
11-10-13 22:45,3182200.6,3107.617773,3.034782982
11-10-13 22:50,3398359.6,3318.710547,3.240928268
11-10-13 22:55,3428305.6,3347.954688,3.269487
11-10-13 23:00,3942081.2,3849.688672,3.759461594
11-10-13 23:05,3610477.8,3525.857227,3.443219948
11-10-13 23:10,2606589.8,2545.497852,2.485837746
11-10-13 23:15,2532067.6,2472.722266,2.414767838
11-10-13 23:20,3795175.8,3706.226367,3.619361687
11-10-13 23:25,4031016.2,3936.539258,3.844276619
11-10-13 23:30,3087124.6,3014.770117,2.944111443
11-10-13 23:35,2645886.2,2583.873242,2.523313713
11-10-13 23:40,2921061.8,2852.599414,2.785741615
11-10-13 23:45,2868193.8,2800.970508,2.735322762
11-10-13 23:50,3678312,3592.101563,3.507911682
11-10-13 23:55,3993569.2,3899.969922,3.808564377
12-10-13 0:00,3155317.8,3081.365039,3.009145546
12-10-13 0:05,2577275.4,2516.870508,2.457881355
12-10-13 0:10,2030924.2,1983.324414,1.936840248
12-10-13 0:15,2691552.8,2628.469531,2.566864777
12-10-13 0:20,2108746.2,2059.322461,2.011057091
12-10-13 0:25,2602548.4,2541.551172,2.481983566
12-10-13 0:30,2468735.6,2410.874609,2.354369736
12-10-13 0:35,2507354.4,2448.588281,2.391199493
12-10-13 0:40,2261713.8,2208.704883,2.156938362
12-10-13 0:45,2457518.2,2399.920117,2.343671989
12-10-13 0:50,2418719.6,2362.030859,2.306670761
12-10-13 0:55,3111028,3038.113281,2.966907501
12-10-13 1:00,3591372.8,3507.2,3.425
12-10-13 1:05,3041616.4,2970.328516,2.900711441
12-10-13 1:10,2416064.8,2359.438281,2.304138947
12-10-13 1:15,2395888,2339.734375,2.284896851
12-10-13 1:20,2708144.6,2644.672461,2.58268795
12-10-13 1:25,2907673,2839.524414,2.772973061
12-10-13 1:30,2969344.6,2899.750586,2.831787682
12-10-13 1:35,2668099.4,2605.56582,2.544497871
12-10-13 1:40,3015050,2944.384766,2.875375748
12-10-13 1:45,2737246.2,2673.091992,2.610441399
12-10-13 1:50,3323086,3245.201172,3.169141769
12-10-13 1:55,3542606.4,3459.576563,3.378492737
12-10-13 2:00,3537503.4,3454.593164,3.373626137
12-10-13 2:05,3174286.2,3099.888867,3.027235222
12-10-13 2:10,3053158.4,2981.6,2.91171875
12-10-13 2:15,2712443.2,2648.870313,2.586787415
12-10-13 2:20,3243322.6,3167.307227,3.093073463
12-10-13 2:25,2970901.6,2901.271094,2.833272552
12-10-13 2:30,3602252,3517.824219,3.435375214
12-10-13 2:35,3767764.6,3679.457617,3.593220329
12-10-13 2:40,3217024.8,3141.625781,3.067993927
12-10-13 2:45,3623309.2,3538.387891,3.455456924
12-10-13 2:50,3463932.6,3382.74668,3.303463554
12-10-13 2:55,3473942.8,3392.522266,3.313010025
12-10-13 3:00,4327528.2,4226.101758,4.127052498
12-10-13 3:05,4953168,4837.078125,4.723709106
12-10-13 3:10,6010022,5869.162109,5.731603622
12-10-13 3:15,3792235.2,3703.354688,3.616557312
12-10-13 3:20,5067495.2,4948.725781,4.832740021
12-10-13 3:25,4178473.4,4080.54043,3.984902763
12-10-13 3:30,3722183.4,3634.944727,3.54975071
12-10-13 3:35,6000974.2,5860.326367,5.722974968
12-10-13 3:40,3656226.2,3570.533398,3.486849022
12-10-13 3:45,3946900.8,3854.395313,3.764057922
12-10-13 3:50,3872716.2,3781.949414,3.693309975
12-10-13 3:55,3954127.4,3861.452539,3.770949745
12-10-13 4:00,3870564.8,3779.848438,3.69125824
12-10-13 4:05,3812299.2,3722.948438,3.635691833
12-10-13 4:10,3793134.4,3704.232813,3.617414856
12-10-13 4:15,3610520.8,3525.899219,3.443260956
12-10-13 4:20,4167550.6,4069.873633,3.97448597
12-10-13 4:25,3844542.6,3754.436133,3.666441536
12-10-13 4:30,4094993,3999.016602,3.90528965
12-10-13 4:35,4207063.8,4108.460742,4.012168694
12-10-13 4:40,4017962.2,3923.791211,3.831827354
12-10-13 4:45,4211817.8,4113.10332,4.016702461
12-10-13 4:50,4397386.8,4294.323047,4.19367485
12-10-13 4:55,3821873.6,3732.298438,3.644822693
12-10-13 5:00,3433559.8,3353.085742,3.274497795
12-10-13 5:05,3552335,3469.077148,3.387770653
12-10-13 5:10,2997523.4,2927.268945,2.858661079
12-10-13 5:15,4158629.4,4061.161523,3.96597805
12-10-13 5:20,3505453.6,3423.294531,3.343061066
12-10-13 5:25,3596603,3512.307617,3.429987907
12-10-13 5:30,3458603.8,3377.542773,3.298381615
12-10-13 5:35,4103340.4,4007.168359,3.913250351
12-10-13 5:40,3722259.6,3635.019141,3.54982338
12-10-13 5:45,3310317.8,3232.732227,3.156965065
12-10-13 5:50,3180112.2,3105.57832,3.032791328
12-10-13 5:55,2763020.2,2698.261914,2.6350214
12-10-13 6:00,3481835.8,3400.230273,3.320537376
12-10-13 6:05,3115962,3042.931641,2.97161293
12-10-13 6:10,3758110.6,3670.029883,3.584013557
12-10-13 6:15,3146130.6,3072.393164,3.000383949
12-10-13 6:20,3678237.8,3592.029102,3.507840919
12-10-13 6:25,3332586.2,3254.478711,3.178201866
12-10-13 6:30,3376556.8,3297.41875,3.220135498
12-10-13 6:35,2932539.4,2863.808008,2.796687508
12-10-13 6:40,3868952,3778.273438,3.689720154
12-10-13 6:45,4180022.4,4082.053125,3.986380005
12-10-13 6:50,2911885.2,2843.637891,2.776990128
12-10-13 6:55,3045753.4,2974.368555,2.904656792
12-10-13 7:00,3893686.2,3802.42793,3.713308525
12-10-13 7:05,3498895.4,3416.890039,3.336806679
12-10-13 7:10,2484609.8,2426.376758,2.369508553
12-10-13 7:15,3153370.4,3079.463281,3.007288361
12-10-13 7:20,2963782,2894.318359,2.826482773
12-10-13 7:25,3208165.8,3132.974414,3.059545326
12-10-13 7:30,3842270.6,3752.217383,3.664274788
12-10-13 7:35,2712457,2648.883789,2.586800575
12-10-13 7:40,2525058.4,2465.877344,2.408083344
12-10-13 7:45,2654476.6,2592.262305,2.531506157
12-10-13 7:50,2774432.8,2709.407031,2.645905304
12-10-13 7:55,3125988.4,3052.723047,2.98117485
12-10-13 8:00,2628484.4,2566.879297,2.506718063
12-10-13 8:05,2750668.8,2686.2,2.623242188
12-10-13 8:10,2121267.8,2071.550586,2.022998619
12-10-13 8:15,2423121,2366.329102,2.310868263
12-10-13 8:20,2492465.2,2434.048047,2.377000046
12-10-13 8:25,2205542.4,2153.85,2.103369141
12-10-13 8:30,2244046.4,2191.451563,2.140089417
12-10-13 8:35,2289428.2,2235.769727,2.183368874
12-10-13 8:40,2335671.2,2280.928906,2.227469635
12-10-13 8:45,1986150.4,1939.6,1.894140625
12-10-13 8:50,1974910.2,1928.623242,1.883421135
12-10-13 8:55,1931628.8,1886.35625,1.842144775
12-10-13 9:00,2256923,2204.026367,2.152369499
12-10-13 9:05,1563206.2,1526.568555,1.490789604
12-10-13 9:10,1680554.4,1641.166406,1.602701569
12-10-13 9:15,1435048.2,1401.414258,1.368568611
12-10-13 9:20,1445570.2,1411.689648,1.378603172
12-10-13 9:25,1230529,1201.688477,1.173523903
12-10-13 9:30,1292470.8,1262.178516,1.232596207
12-10-13 9:35,1377636.6,1345.348242,1.313816643
12-10-13 9:40,1814704.4,1772.172266,1.730636978
12-10-13 9:45,1646375.8,1607.788867,1.570106316
12-10-13 9:50,1589812,1552.550781,1.516162872
12-10-13 9:55,2908752.2,2840.57832,2.774002266
12-10-13 10:00,2209294.8,2157.514453,2.106947708
12-10-13 10:05,2293599.8,2239.843555,2.187347221
12-10-13 10:10,2518515.2,2459.4875,2.401843262
12-10-13 10:15,2368925.2,2313.403516,2.259183121
12-10-13 10:20,2418048.6,2361.375586,2.306030846
12-10-13 10:25,2574732,2514.386719,2.45545578
12-10-13 10:30,2560719.6,2500.702734,2.442092514
12-10-13 10:35,2998595,2928.31543,2.859683037
12-10-13 10:40,2464394.8,2406.635547,2.350230026
12-10-13 10:45,2695531.6,2632.355078,2.570659256
12-10-13 10:50,2881381.6,2813.849219,2.747899628
12-10-13 10:55,2912230.4,2843.975,2.777319336
12-10-13 11:00,3149090.6,3075.283789,3.003206825
12-10-13 11:05,3296592,3219.328125,3.143875122
12-10-13 11:10,3696286.2,3609.654492,3.525053215
12-10-13 11:15,2925279.8,2856.718555,2.789764214
12-10-13 11:20,3628548.8,3543.504688,3.460453796
12-10-13 11:25,3048131.8,2976.691211,2.906925011
12-10-13 11:30,2474744.6,2416.742773,2.360100365
12-10-13 11:35,2733783.8,2669.710742,2.607139397
12-10-13 11:40,2876619.2,2809.198438,2.743357849
12-10-13 11:45,2426435.2,2369.565625,2.314028931
12-10-13 11:50,2877881.2,2810.430859,2.744561386
12-10-13 11:55,2236777.4,2184.35293,2.133157158
12-10-13 12:00,2424895.6,2368.062109,2.312560654
12-10-13 12:05,2036357,1988.629883,1.94202137
12-10-13 12:10,3273247.8,3196.531055,3.121612358
12-10-13 12:15,2225564.4,2173.402734,2.122463608
12-10-13 12:20,2773553.4,2708.548242,2.645066643
12-10-13 12:25,3272074.8,3195.385547,3.120493698
12-10-13 12:30,2563503.8,2503.42168,2.444747734
12-10-13 12:35,3315340.6,3237.637305,3.16175518
12-10-13 12:40,2490231.6,2431.866797,2.374869919
12-10-13 12:45,2685661.4,2622.716211,2.5612463
12-10-13 12:50,2783047.8,2717.820117,2.654121208
12-10-13 12:55,2494818.8,2436.346484,2.379244614
12-10-13 13:00,2915377,2847.047852,2.780320168
12-10-13 13:05,2100844.8,2051.60625,2.003521729
12-10-13 13:10,2932784.4,2864.047266,2.796921158
12-10-13 13:15,3113921.8,3040.939258,2.969667244
12-10-13 13:20,2679085.2,2616.294141,2.554974747
12-10-13 13:25,2981291.6,2911.417578,2.843181229
12-10-13 13:30,3528916.2,3446.207227,3.365436745
12-10-13 13:35,3714299.6,3627.245703,3.542232132
12-10-13 13:40,2506308.4,2447.566797,2.39020195
12-10-13 13:45,2977082.8,2907.307422,2.839167404
12-10-13 13:50,2654474,2592.259766,2.531503677
12-10-13 13:55,2747757.6,2683.357031,2.620465851
12-10-13 14:00,3425450.2,3345.166211,3.266763878
12-10-13 14:05,2860588.4,2793.543359,2.728069687
12-10-13 14:10,2602600.6,2541.602148,2.482033348
12-10-13 14:15,3064562.4,2992.736719,2.922594452
12-10-13 14:20,2678636.4,2615.855859,2.554546738
12-10-13 14:25,2811047.4,2745.163477,2.680823708
12-10-13 14:30,2986170,2916.181641,2.847833633
12-10-13 14:35,3030498.2,2959.470898,2.890108299
12-10-13 14:40,1992914.2,1946.205273,1.900591087
12-10-13 14:45,2307638.6,2253.55332,2.200735664
12-10-13 14:50,2916463,2848.108398,2.781355858
12-10-13 14:55,3218693.2,3143.255078,3.069585037
12-10-13 15:00,4232165.4,4132.974023,4.036107445
12-10-13 15:05,4293438.2,4192.810742,4.09454174
12-10-13 15:10,5731243,5596.916992,5.46573925
12-10-13 15:15,3331719.8,3253.632617,3.177375603
12-10-13 15:20,3883587.8,3792.566211,3.70367794
12-10-13 15:25,3271342.2,3194.670117,3.119795036
12-10-13 15:30,2942843.2,2873.870313,2.806513977
12-10-13 15:35,3694746,3608.150391,3.523584366
12-10-13 15:40,3642126.4,3556.764063,3.473402405
12-10-13 15:45,3734729,3647.196289,3.561715126
12-10-13 15:50,3394430.6,3314.873633,3.237181282
12-10-13 15:55,3529268.4,3446.551172,3.365772629
12-10-13 16:00,3715568.8,3628.485156,3.543442535
12-10-13 16:05,3746838.6,3659.02207,3.573263741
12-10-13 16:10,4208361.2,4109.727734,4.013405991
12-10-13 16:15,4003901.8,3910.060352,3.818418312
12-10-13 16:20,3824163.8,3734.534961,3.647006798
12-10-13 16:25,3375125.8,3296.021289,3.21877079
12-10-13 16:30,3540937,3457.946289,3.376900673
12-10-13 16:35,3146923.2,3073.167188,3.001139832
12-10-13 16:40,4168467,4070.768555,3.975359917
12-10-13 16:45,3349810.2,3271.299023,3.194627953
12-10-13 16:50,3187740.8,3113.028125,3.040066528
12-10-13 16:55,3217855.6,3142.437109,3.06878624
12-10-13 17:00,3205658.2,3130.525586,3.057153893
12-10-13 17:05,2214341.8,2162.443164,2.111760902
12-10-13 17:10,2062268.8,2013.934375,1.966732788
12-10-13 17:15,2550043.2,2490.276563,2.431910706
12-10-13 17:20,2092985.2,2043.930859,1.99602623
12-10-13 17:25,3150399.8,3076.562305,3.004455376
12-10-13 17:30,2122509.2,2072.762891,2.02418251
12-10-13 17:35,2788856.2,2723.492383,2.65966053
12-10-13 17:40,2321360.2,2266.95332,2.213821602
12-10-13 17:45,2890855.4,2823.100977,2.756934547
12-10-13 17:50,4035097.6,3940.525,3.848168945
12-10-13 17:55,3497103.6,3415.140234,3.335097885
12-10-13 18:00,3170049.2,3095.751172,3.023194504
12-10-13 18:05,3004455.6,2934.038672,2.865272141
12-10-13 18:10,3466245.8,3385.005664,3.305669594
12-10-13 18:15,3331877.8,3253.786914,3.177526283
12-10-13 18:20,2944188.8,2875.184375,2.807797241
12-10-13 18:25,3491523.4,3409.69082,3.329776192
12-10-13 18:30,4161306.2,4063.775586,3.968530846
12-10-13 18:35,2824246.4,2758.053125,2.693411255
12-10-13 18:40,3238769,3162.860352,3.088730812
12-10-13 18:45,3347327.8,3268.874805,3.192260551
12-10-13 18:50,3104582.8,3031.819141,2.96076088
12-10-13 18:55,3044250.2,2972.900586,2.903223228
12-10-13 19:00,3441568,3360.90625,3.28213501
12-10-13 19:05,3898819.6,3807.441016,3.718204117
12-10-13 19:10,3327445.8,3249.458789,3.173299599
12-10-13 19:15,3769617.8,3681.267383,3.594987679
12-10-13 19:20,4145610,4048.447266,3.953561783
12-10-13 19:25,4461434.6,4356.869727,4.254755592
12-10-13 19:30,3386405.4,3307.036523,3.229527855
12-10-13 19:35,7170114.6,7002.065039,6.83795414
12-10-13 19:40,3835937.6,3746.032813,3.658235168
12-10-13 19:45,3849577,3759.352539,3.671242714
12-10-13 19:50,4728437,4617.614258,4.509388924
12-10-13 19:55,3653101.4,3567.481836,3.48386898
12-10-13 20:00,3423475.4,3343.237695,3.264880562
12-10-13 20:05,3319426.2,3241.627148,3.165651512
12-10-13 20:10,3426644.4,3346.332422,3.267902756
12-10-13 20:15,3285794.4,3208.783594,3.133577728
12-10-13 20:20,3850047.6,3759.812109,3.671691513
12-10-13 20:25,3685854.4,3599.467188,3.515104675
12-10-13 20:30,3379478.6,3300.27207,3.222921944
12-10-13 20:35,3566683.4,3483.089258,3.401454353
12-10-13 20:40,3590507.8,3506.355273,3.424175072
12-10-13 20:45,3402758.4,3323.00625,3.245123291
12-10-13 20:50,3548430,3465.263672,3.384046555
12-10-13 20:55,3619610.4,3534.775781,3.451929474
12-10-13 21:00,3748961.4,3661.095117,3.5752882
12-10-13 21:05,3559610.4,3476.182031,3.394709015
12-10-13 21:10,5178590.8,5057.217578,4.938689041
12-10-13 21:15,6822890.4,6662.978906,6.506815338
12-10-13 21:20,3652706.2,3567.095898,3.483492088
12-10-13 21:25,3923214,3831.263672,3.74146843
12-10-13 21:30,3458745.6,3377.68125,3.298516846
12-10-13 21:35,4955067.8,4838.933398,4.725520897
12-10-13 21:40,4262822.6,4162.912695,4.065344429
12-10-13 21:45,3248786.2,3172.642773,3.098283958
12-10-13 21:50,2712873.6,2649.290625,2.587197876
12-10-13 21:55,4488676.8,4383.473438,4.280735779
12-10-13 22:00,3780386.6,3691.783789,3.605257607
12-10-13 22:05,3801917.8,3712.810352,3.625791359
12-10-13 22:10,3410020.4,3330.098047,3.252048874
12-10-13 22:15,4013800.2,3919.726758,3.827858162
12-10-13 22:20,3837695,3747.749023,3.659911156
12-10-13 22:25,3715738.8,3628.651172,3.54360466
12-10-13 22:30,3156862.4,3082.873438,3.010618591
12-10-13 22:35,3447375,3366.577148,3.287672997
12-10-13 22:40,3909523,3817.893555,3.728411674
12-10-13 22:45,4083487.2,3987.780469,3.894316864
12-10-13 22:50,3410969.8,3331.025195,3.252954292
12-10-13 22:55,3630547.6,3545.456641,3.462360001
12-10-13 23:00,3579646,3495.748047,3.413816452
12-10-13 23:05,3518559,3436.092773,3.355559349
12-10-13 23:10,3615376.2,3530.64082,3.447891426
12-10-13 23:15,3579870,3495.966797,3.414030075
12-10-13 23:20,3914775.4,3823.022852,3.733420753
12-10-13 23:25,3026430,2955.498047,2.886228561
12-10-13 23:30,3681278,3594.998047,3.51074028
12-10-13 23:35,3655270,3569.599609,3.485937119
12-10-13 23:40,3117778.6,3044.705664,2.973345375
12-10-13 23:45,3464887.8,3383.679492,3.304374504
12-10-13 23:50,3490145.6,3408.345313,3.328462219
12-10-13 23:55,3530907.4,3448.151758,3.367335701
13-10-13 0:00,3536547.4,3453.65957,3.372714424
13-10-13 0:05,3438769.8,3358.173633,3.279466438
13-10-13 0:10,2592687.8,2531.92168,2.472579765
13-10-13 0:15,1960360.2,1914.414258,1.869545174
13-10-13 0:20,2025196.8,1977.73125,1.931378174
13-10-13 0:25,1716619.8,1676.386523,1.637096214
13-10-13 0:30,1789308,1747.371094,1.706417084
13-10-13 0:35,1892481,1848.125977,1.804810524
13-10-13 0:40,1726840.4,1686.367578,1.646843338
13-10-13 0:45,1878791.8,1834.757617,1.791755486
13-10-13 0:50,1792245.2,1750.239453,1.709218216
13-10-13 0:55,1458174.2,1423.998242,1.390623283
13-10-13 1:00,1740755.8,1699.956836,1.660114098
13-10-13 1:05,1807006.8,1764.655078,1.723295975
13-10-13 1:10,2307076.8,2253.004688,2.20019989
13-10-13 1:15,3108940.6,3036.074805,2.964916801
13-10-13 1:20,3450633.2,3369.758984,3.290780258
13-10-13 1:25,3664786.4,3578.892969,3.495012665
13-10-13 1:30,4118068.8,4021.551563,3.927296448
13-10-13 1:35,4053222.6,3958.225195,3.865454292
13-10-13 1:40,4201796.4,4103.316797,4.007145309
13-10-13 1:45,4304214.2,4203.33418,4.104818535
13-10-13 1:50,4524176.6,4418.141211,4.314591026
13-10-13 1:55,4352175.4,4250.171289,4.150557899
13-10-13 2:00,4193209.2,4094.930859,3.998955917
13-10-13 2:05,4482098.2,4377.049023,4.274461937
13-10-13 2:10,4644432.8,4535.578906,4.429276276
13-10-13 2:15,4435991.6,4332.023047,4.230491257
13-10-13 2:20,4417648,4314.109375,4.212997437
13-10-13 2:25,4486779.6,4381.620703,4.278926468
13-10-13 2:30,4538636,4432.261719,4.328380585
13-10-13 2:35,4461462.4,4356.896875,4.254782104
13-10-13 2:40,4468985,4364.243164,4.261956215
13-10-13 2:45,4612245.8,4504.146289,4.39858036
13-10-13 2:50,4484731.4,4379.620508,4.276973152
13-10-13 2:55,4642155.2,4533.354688,4.427104187
13-10-13 3:00,4893176.2,4778.492383,4.666496468
13-10-13 3:05,5549813.8,5419.740039,5.292714882
13-10-13 3:10,6179932.6,6035.09043,5.893642998
13-10-13 3:15,5105403.4,4985.745508,4.868892097
13-10-13 3:20,4451766.6,4347.42832,4.245535469
13-10-13 3:25,4481147,4376.120117,4.273554802
13-10-13 3:30,4694028.6,4584.012305,4.476574516
13-10-13 3:35,4430812.4,4326.965234,4.225551987
13-10-13 3:40,4501812.4,4396.301172,4.293262863
13-10-13 3:45,4637840.2,4529.14082,4.422989082
13-10-13 3:50,4893904.4,4779.203516,4.667190933
13-10-13 3:55,4580558,4473.201172,4.368360519
13-10-13 4:00,4631284,4522.738281,4.416736603
13-10-13 4:05,4510029.8,4404.325977,4.301099586
13-10-13 4:10,4531931.8,4425.714648,4.321986961
13-10-13 4:15,4951073.2,4835.032422,4.721711349
13-10-13 4:20,4744324.6,4633.129492,4.52454052
13-10-13 4:25,4864875,4750.854492,4.63950634
13-10-13 4:30,4681125.8,4571.411914,4.464269447
13-10-13 4:35,4368098.8,4265.721484,4.165743637
13-10-13 4:40,4687881.2,4578.008984,4.470711899
13-10-13 4:45,5001344,4884.125,4.76965332
13-10-13 4:50,4618461.8,4510.216602,4.4045084
13-10-13 4:55,4584497.4,4477.048242,4.372117424
13-10-13 5:00,4755072.8,4643.625781,4.534790802
13-10-13 5:05,4852368.4,4738.641016,4.627579117
13-10-13 5:10,4795987.8,4683.581836,4.573810387
13-10-13 5:15,4832927,4719.655273,4.609038353
13-10-13 5:20,4690033.4,4580.110742,4.472764397
13-10-13 5:25,4729095.2,4618.257031,4.510016632
13-10-13 5:30,4726369.6,4615.595313,4.507417297
13-10-13 5:35,4429855.8,4326.031055,4.224639702
13-10-13 5:40,4617503.6,4509.280859,4.403594589
13-10-13 5:45,4952628.8,4836.551563,4.723194885
13-10-13 5:50,4256910.4,4157.139063,4.059706116
13-10-13 5:55,4674205.4,4564.653711,4.45766964
13-10-13 6:00,4440490.8,4336.416797,4.234782028
13-10-13 6:05,4634800.4,4526.172266,4.420090103
13-10-13 6:10,4207472.8,4108.860156,4.012558746
13-10-13 6:15,4063905.4,3968.657617,3.875642204
13-10-13 6:20,4231708.6,4132.52793,4.035671806
13-10-13 6:25,4443433,4339.290039,4.237587929
13-10-13 6:30,4569577.8,4462.47832,4.357888985
13-10-13 6:35,4232463.6,4133.265234,4.03639183
13-10-13 6:40,4530729.6,4424.540625,4.320840454
13-10-13 6:45,5188727.4,5067.116602,4.948356056
13-10-13 6:50,3816894.8,3727.436328,3.640074539
13-10-13 6:55,4050048.6,3955.125586,3.86242733
13-10-13 7:00,4632655,4524.077148,4.41804409
13-10-13 7:05,4331165.4,4229.653711,4.130521202
13-10-13 7:10,4256816.4,4157.047266,4.05961647
13-10-13 7:15,4514565,4408.754883,4.30542469
13-10-13 7:20,4231642.8,4132.463672,4.035609055
13-10-13 7:25,3996057,3902.399414,3.810936928
13-10-13 7:30,3821746.8,3732.174609,3.644701767
13-10-13 7:35,3693434.8,3606.869922,3.522333908
13-10-13 7:40,4069099.2,3973.729688,3.880595398
13-10-13 7:45,4101726.8,4005.592578,3.911711502
13-10-13 7:50,4205671.8,4107.101367,4.010841179
13-10-13 7:55,3989263.6,3895.765234,3.804458237
13-10-13 8:00,3828862,3739.123047,3.65148735
13-10-13 8:05,3641686.6,3556.33457,3.472982979
13-10-13 8:10,3324261.6,3246.349219,3.170262909
13-10-13 8:15,3584599.2,3500.585156,3.418540192
13-10-13 8:20,3401789.8,3322.060352,3.244199562
13-10-13 8:25,3171775.2,3097.436719,3.024840546
13-10-13 8:30,2938971.8,2870.089648,2.802821922
13-10-13 8:35,2675676.2,2612.965039,2.551723671
13-10-13 8:40,2022947.8,1975.534961,1.92923336
13-10-13 8:45,2613405.8,2552.154102,2.49233799
13-10-13 8:50,3074915.6,3002.847266,2.932468033
13-10-13 8:55,3454406.6,3373.443945,3.294378853
13-10-13 9:00,3953057.8,3860.408008,3.769929695
13-10-13 9:05,4346876.8,4244.996875,4.145504761
13-10-13 9:10,4690494.2,4580.560742,4.47320385
13-10-13 9:15,4601621.2,4493.770703,4.388447952
13-10-13 9:20,1482509.2,1447.762891,1.413830948
13-10-13 9:25,4149789.2,4052.528516,3.957547379
13-10-13 9:30,5092226.4,4972.877344,4.856325531
13-10-13 9:35,4921400.8,4806.055469,4.693413544
13-10-13 9:40,4510003.6,4404.300391,4.3010746
13-10-13 9:45,4857760.2,4743.906445,4.632721138
13-10-13 9:50,4635341.4,4526.700586,4.420606041
13-10-13 9:55,4752849.6,4641.454688,4.532670593
13-10-13 10:00,4600516.4,4492.691797,4.387394333
13-10-13 10:05,4467507,4362.799805,4.260546684
13-10-13 10:10,4600820.2,4492.988477,4.387684059
13-10-13 10:15,4466740.6,4362.051367,4.259815788
13-10-13 10:20,4816356,4703.472656,4.593235016
13-10-13 10:25,4412821.2,4309.395703,4.208394241
13-10-13 10:30,4289461.2,4188.926953,4.090748978
13-10-13 10:35,4806912.6,4694.250586,4.584229088
13-10-13 10:40,4540884.6,4434.457617,4.330525017
13-10-13 10:45,3973230.6,3880.108008,3.789167976
13-10-13 10:50,4151312,4054.015625,3.958999634
13-10-13 10:55,4408599,4305.272461,4.204367638
13-10-13 11:00,4412467,4309.049805,4.20805645
13-10-13 11:05,4014711.6,3920.616797,3.828727341
13-10-13 11:10,4455661.4,4351.231836,4.24924984
13-10-13 11:15,4518165.4,4412.270898,4.308858299
13-10-13 11:20,5219553.4,5097.220117,4.977754021
13-10-13 11:25,4529007.2,4422.858594,4.319197845
13-10-13 11:30,5014467.6,4896.941016,4.782168961
13-10-13 11:35,5091716.8,4972.379688,4.855839539
13-10-13 11:40,4955261,4839.12207,4.725705147
13-10-13 11:45,5129745.6,5009.517188,4.892106628
13-10-13 11:50,5522536,5393.101563,5.266700745
13-10-13 11:55,5466070,5337.958984,5.212850571
13-10-13 12:00,5181228.2,5059.793164,4.941204262
13-10-13 12:05,4971070,4854.560547,4.740781784
13-10-13 12:10,5417314.4,5290.346094,5.166353607
13-10-13 12:15,5381120.2,5255.000195,5.131836128
13-10-13 12:20,5648711.4,5516.319727,5.387030983
13-10-13 12:25,5237271,5114.522461,4.994650841
13-10-13 12:30,4567196.6,4460.15293,4.355618095
13-10-13 12:35,5010997.6,4893.552344,4.778859711
13-10-13 12:40,4802090.8,4689.541797,4.579630661
13-10-13 12:45,5512044.2,5382.855664,5.256694984
13-10-13 12:50,5365367,5239.616211,5.116812706
13-10-13 12:55,5359112.8,5233.508594,5.110848236
13-10-13 13:00,5206969,5084.930664,4.965752602
13-10-13 13:05,5441836.6,5314.293555,5.189739799
13-10-13 13:10,5013968.8,4896.453906,4.781693268
13-10-13 13:15,5087288.8,4968.055469,4.851616669
13-10-13 13:20,4889297,4774.704102,4.662796974
13-10-13 13:25,5113966.2,4994.107617,4.87705822
13-10-13 13:30,5380729.2,5254.618359,5.131463242
13-10-13 13:35,5135762.4,5015.392969,4.897844696
13-10-13 13:40,5726463.8,5592.249805,5.46118145
13-10-13 13:45,5152678.4,5031.9125,4.913977051
13-10-13 13:50,5179141.4,5057.755273,4.939214134
13-10-13 13:55,5313273.6,5188.74375,5.067132568
13-10-13 14:00,4990068,4873.113281,4.758899689
13-10-13 14:05,5135694,5015.326172,4.897779465
13-10-13 14:10,4809917,4697.18457,4.587094307
13-10-13 14:15,4837499.4,4724.120508,4.613398933
13-10-13 14:20,5081224,4962.132813,4.845832825
13-10-13 14:25,4846339.2,4732.753125,4.621829224
13-10-13 14:30,4988007,4871.100586,4.756934166
13-10-13 14:35,4598591.4,4490.811914,4.38555851
13-10-13 14:40,4467228.2,4362.527539,4.2602808
13-10-13 14:45,4261252.8,4161.379688,4.063847351
13-10-13 14:50,5263430.8,5140.069141,5.01959877
13-10-13 14:55,4741242.8,4630.119922,4.521601486
13-10-13 15:00,5268673.4,5145.188867,5.024598503
13-10-13 15:05,6355621,6206.661133,6.061192513
13-10-13 15:10,6548625.4,6395.141992,6.245255852
13-10-13 15:15,5110530.8,4990.752734,4.873781967
13-10-13 15:20,5345068.8,5219.79375,5.097454834
13-10-13 15:25,4738408.8,4627.352344,4.518898773
13-10-13 15:30,5107021.4,4987.325586,4.870435143
13-10-13 15:35,5235458.4,5112.752344,4.992922211
13-10-13 15:40,5233619.6,5110.956641,4.991168594
13-10-13 15:45,5029582,4911.701172,4.796583176
13-10-13 15:50,4514236.8,4408.434375,4.305111694
13-10-13 15:55,4910708.8,4795.614063,4.683216858
13-10-13 16:00,4712074.4,4601.635156,4.493784332
13-10-13 16:05,5420857.4,5293.806055,5.169732475
13-10-13 16:10,5476916.2,5348.550977,5.223194313
13-10-13 16:15,5125320,5005.195313,4.887886047
13-10-13 16:20,5001679.4,4884.452539,4.769973183
13-10-13 16:25,4980771.6,4864.034766,4.750033951
13-10-13 16:30,5543129.2,5413.212109,5.286339951
13-10-13 16:35,5178798.4,5057.420313,4.938887024
13-10-13 16:40,5374906.8,5248.932422,5.125910568
13-10-13 16:45,4965761.2,4849.376172,4.735718918
13-10-13 16:50,4625607.6,4517.194922,4.411323166
13-10-13 16:55,5155595.2,5034.760938,4.916758728
13-10-13 17:00,4758968.4,4647.430078,4.538505936
13-10-13 17:05,4846633.6,4733.040625,4.622109985
13-10-13 17:10,4966854.2,4850.443555,4.736761284
13-10-13 17:15,4799362,4686.876953,4.577028275
13-10-13 17:20,5217818.2,5095.525586,4.976099205
13-10-13 17:25,4846504.6,4732.914648,4.621986961
13-10-13 17:30,4857580,4743.730469,4.632549286
13-10-13 17:35,5305944.2,5181.586133,5.060142708
13-10-13 17:40,5216126.8,5093.873828,4.97448616
13-10-13 17:45,5126791.6,5006.632422,4.889289474
13-10-13 17:50,4716540.8,4605.996875,4.498043823
13-10-13 17:55,5194275.2,5072.534375,4.953646851
13-10-13 18:00,4594784.4,4487.094141,4.381927872
13-10-13 18:05,5313192.6,5188.664648,5.067055321
13-10-13 18:10,5349453.4,5224.075586,5.101636314
13-10-13 18:15,5664016,5531.265625,5.401626587
13-10-13 18:20,5165652.4,5044.582422,4.926350021
13-10-13 18:25,5806009.2,5669.930859,5.537041855
13-10-13 18:30,5725820.2,5591.621289,5.460567665
13-10-13 18:35,5818352,5681.984375,5.548812866
13-10-13 18:40,6039204,5897.660156,5.759433746
13-10-13 18:45,6146104.8,6002.055469,5.861382294
13-10-13 18:50,6520842,6368.009766,6.218759537
13-10-13 18:55,6414160,6263.828125,6.117019653
13-10-13 19:00,7121288,6954.382813,6.791389465
13-10-13 19:05,7733993.2,7552.727734,7.375710678
13-10-13 19:10,7171976,7003.882813,6.839729309
13-10-13 19:15,6572442,6418.400391,6.267969131
13-10-13 19:20,6669027.2,6512.721875,6.360079956
13-10-13 19:25,6541002.6,6387.697852,6.237986183
13-10-13 19:30,8036983.2,7848.616406,7.664664459
13-10-13 19:35,6780480,6621.5625,6.466369629
13-10-13 19:40,7105309.2,6938.778516,6.776150894
13-10-13 19:45,6645670.6,6489.912695,6.337805367
13-10-13 19:50,7129069.2,6961.981641,6.798810196
13-10-13 19:55,6886046.6,6724.654883,6.567045784
13-10-13 20:00,7070269.8,6904.560352,6.742734718
13-10-13 20:05,7112211.8,6945.519336,6.782733727
13-10-13 20:10,6736356.8,6578.473438,6.424290466
13-10-13 20:15,6885695.2,6724.311719,6.566710663
13-10-13 20:20,6829566.2,6669.498242,6.513181877
13-10-13 20:25,6670142.6,6513.811133,6.361143684
13-10-13 20:30,6989347.8,6825.534961,6.665561485
13-10-13 20:35,7089460.2,6923.300977,6.76103611
13-10-13 20:40,7126232.4,6959.211328,6.796104813
13-10-13 20:45,7180348.2,7012.058789,6.847713661
13-10-13 20:50,7251597.4,7081.638086,6.915662193
13-10-13 20:55,7138828,6971.511719,6.808116913
13-10-13 21:00,7358757.6,7186.286719,7.017858124
13-10-13 21:05,6691074.8,6534.252734,6.381106186
13-10-13 21:10,7419464.2,7245.570508,7.075752449
13-10-13 21:15,7345692.4,7173.527734,7.005398178
13-10-13 21:20,7106381.2,6939.825391,6.777173233
13-10-13 21:25,7439340.8,7264.98125,7.094708252
13-10-13 21:30,7148265,6980.727539,6.817116737
13-10-13 21:35,7079349.4,6913.427148,6.7513937
13-10-13 21:40,7313239.2,7141.835156,6.974448395
13-10-13 21:45,7370054.2,7197.318555,7.028631401
13-10-13 21:50,7146604,6979.105469,6.815532684
13-10-13 21:55,7380294.8,7207.319141,7.038397598
13-10-13 22:00,7444886.2,7270.39668,7.099996758
13-10-13 22:05,6960113,6796.985352,6.637681007
13-10-13 22:10,7776972.4,7594.699609,7.416698837
13-10-13 22:15,7458856,7284.039063,7.113319397
13-10-13 22:20,7193220,7024.628906,6.859989166
13-10-13 22:25,7221732.4,7052.473047,6.88718071
13-10-13 22:30,7683360,7503.28125,7.327423096
13-10-13 22:35,7346899.6,7174.706641,7.006549454
13-10-13 22:40,7728333.2,7547.200391,7.370312881
13-10-13 22:45,6895594.8,6733.979297,6.576151657
13-10-13 22:50,6637198,6481.638672,6.329725266
13-10-13 22:55,7011225.4,6846.899805,6.686425591
13-10-13 23:00,6560515.6,6406.753516,6.25659523
13-10-13 23:05,6638822.6,6483.225195,6.331274605
13-10-13 23:10,7921025,7735.375977,7.554078102
13-10-13 23:15,8124689.4,7934.266992,7.74830761
13-10-13 23:20,7346551.8,7174.366992,7.006217766
13-10-13 23:25,8111561.6,7921.446875,7.735787964
13-10-13 23:30,7575658.4,7398.103906,7.224710846
13-10-13 23:35,7198625.2,7029.907422,6.865143967
13-10-13 23:40,7964260.4,7777.598047,7.595310593
13-10-13 23:45,7547664,7370.765625,7.198013306
13-10-13 23:50,7988676.2,7801.441602,7.618595314
13-10-13 23:55,7788122.6,7605.588477,7.427332497
